time,ee_x,ee_y,ee_z,chassis_x,chassis_y,chassis_yaw
6.35066294670105,0.12276361351824755,0.10914993979109436,1.0899260231618029,0.0,0.0,0.0
6.356655597686768,0.1227597252428395,0.1091445711046037,1.0899268017765478,0.0,0.0,0.0
6.361850023269653,0.12275761498392347,0.10913721631081576,1.0899271366757186,2.3088482445248893e-08,6.54590084235891e-08,-5.152376042447022e-22
6.367979049682617,0.12275591737694258,0.10912937215270246,1.089927408145906,4.659536797530662e-08,1.2370313504093855e-07,-1.6234806543093862e-20
6.375009536743164,0.12275416874952229,0.10912157838161773,1.089927759071998,7.247511584169374e-08,1.7630864599160795e-07,-1.353639518789194e-19
6.385406494140625,0.12275219260817703,0.10911404363767813,1.0899282382164899,9.9809486169331e-08,2.1917013865890047e-07,-1.4346020813105812e-19
6.388587236404419,0.12274997187107811,0.10910684501882621,1.0899288467424266,1.282878786864425e-07,2.517547731032865e-07,-1.501173616890621e-19
6.3963000774383545,0.12274761513358362,0.10910001151057609,1.0899295495632508,1.5763098369215817e-07,2.7370427600754555e-07,-1.3372698605821253e-19
6.40317177772522,0.12274543445701183,0.10909350922106366,1.0899302757067502,1.8700526457726704e-07,2.817402340652139e-07,-1.5845044741835932e-19
6.41015100479126,0.12274356740589279,0.10908747418005761,1.0899309713120426,2.1559514871572156e-07,2.7274817318924145e-07,-2.504012328313521e-19
6.417233467102051,0.12274156835370671,0.10908176067109403,1.0899317694721555,2.4320096007374925e-07,2.485613431612143e-07,-2.9447606967077003e-19
6.424410820007324,0.12273950436748311,0.10907635459266896,1.0899326199751813,2.7199981528482215e-07,2.2996115411560153e-07,-2.3452647740478146e-19
6.436995983123779,0.12272684141170903,0.10907197296006298,1.0899360373703775,3.0090990640936424e-07,2.0152689029928022e-07,-2.864142823105556e-19
6.4416539669036865,0.12268569407248175,0.10907155479663111,1.089945903934638,3.5370187446952685e-07,1.441290723478918e-07,-2.8620292322622615e-19
6.453263998031616,0.12261637253390031,0.10906759740101102,1.0899614417494434,5.033365543999578e-07,6.678201643862826e-07,-2.761878453403079e-19
6.458192825317383,0.12248674868671963,0.10906438503991212,1.0899884612350175,7.268554751110606e-07,8.752834718138162e-07,-1.8197727051058577e-19
6.711058855056763,0.12237153191171733,0.1090530429567128,1.0900133263721847,1.16564786298773e-06,1.306565406015749e-06,-1.3330108353638426e-19
6.77378249168396,0.12226839936240476,0.10904168286121636,1.0900354478903977,1.5407768034247927e-06,1.0999029499972382e-06,-6.85757866618158e-20
6.83094334602356,0.12217422811341587,0.10903148077197208,1.0900555630914577,1.934281253974879e-06,8.51138639159076e-07,-7.948839074908179e-20
6.840980768203735,0.12208784243309137,0.10902286408057113,1.0900739425060668,2.344309174873615e-06,5.825226750071151e-07,-1.0060109411309626e-19
6.855814456939697,0.12202373504174714,0.1090214572960065,1.0900878068701159,2.769591066875346e-06,2.999590869885942e-07,-1.40668124928352e-19
6.884618043899536,0.12195376137357075,0.10901663951360244,1.090102661415361,3.164486899389093e-06,6.090907973073165e-07,-1.193941285580016e-19
6.891438245773315,0.12190964958644392,0.10901697690408828,1.0901118153298555,3.6124651635462127e-06,3.5359395241098565e-07,-1.4645204042371683e-19
6.900557041168213,0.12188928134565415,0.1090163132703213,1.0901171424152394,4.007675150169604e-06,5.392534683992681e-07,-2.1768350649312005e-19
6.907874345779419,0.12187664418329619,0.10901627245538445,1.0901211617171294,4.311673255594293e-06,2.3212072595463104e-07,-1.757336362303462e-19
6.913974046707153,0.12186817577047636,0.10901623904843531,1.0901242501080204,4.6143199726321035e-06,-7.829604571230781e-08,-1.78183192121364e-19
6.924104928970337,0.12186225091096868,0.10901618101082186,1.0901266525876894,4.915649660693231e-06,-3.919500047585675e-07,-1.8443380605955373e-19
7.403331518173218,0.12184211450124331,0.10901045055761888,1.0901318515850686,5.215880096819337e-06,-7.087300786858999e-07,-2.073056145277484e-19
7.566983938217163,0.12183485769550612,0.10900934885968872,1.0901341624163083,5.5545007359536445e-06,-1.6677601495116095e-06,-2.1018887827228934e-19
7.699246168136597,0.12183107535047673,0.10900887248534052,1.0901356742660628,5.8589248706157546e-06,-2.0810632559487134e-06,-2.8548702015873023e-19
7.737473964691162,0.12182894874418539,0.1090087978550258,1.0901367383828398,6.16321695814205e-06,-2.4917403963377466e-06,-2.5445943344360427e-19
7.868424892425537,0.12182767048375523,0.10900889217263136,1.0901375379915308,6.467337876843491e-06,-2.8992029803561176e-06,-2.9916221017321325e-19
7.952103853225708,0.12182686470912428,0.10900906349496878,1.09013816443695,6.771245288874629e-06,-3.3045995170225335e-06,-2.5134456517640237e-19
7.994615793228149,0.12182636129440487,0.10900927024321037,1.0901386636154324,7.07490480864608e-06,-3.7080254240577315e-06,-2.447650817697236e-19
8.067734003067017,0.12182607759587188,0.10900948592567673,1.0901390591584998,7.3782905007406405e-06,-4.109579431136725e-06,-2.769091288711478e-19
8.345735311508179,0.12182595925165839,0.10900970080655722,1.0901393692225534,7.681435739778674e-06,-4.508995438247966e-06,-2.441683751736164e-19
8.476459980010986,0.12182596183544837,0.10900991346633004,1.0901396099855685,7.984390731225576e-06,-4.906054856230302e-06,-1.9033819066534608e-19
8.517363548278809,0.12182604812845964,0.10901012509890519,1.090139795507506,8.287204596820777e-06,-5.3005747237234225e-06,-2.69700895499856e-19
8.754199743270874,0.1218261871964188,0.10901033750852472,1.0901399377441205,8.589923899446963e-06,-5.692385271324034e-06,-2.760113185238408e-19
8.864442348480225,0.12182635346150211,0.10901055245908664,1.0901400467660005,8.8925930964244e-06,-6.081326653018593e-06,-2.7694473444567194e-19
9.075438737869263,0.12182652599245333,0.10901077149491084,1.0901401309791752,9.195254428046842e-06,-6.46724865721421e-06,-3.0133179124397397e-19
9.102202892303467,0.12182668778711833,0.10901099591531443,1.090140197363889,9.497948687731419e-06,-6.850006660548062e-06,-3.5395852898071996e-19
9.188932657241821,0.12182682503273974,0.10901122681093009,1.0901402517148397,9.800715384172205e-06,-7.229460459091281e-06,-3.282185462311645e-19
9.197035312652588,0.12182482702145196,0.10901160630664411,1.0901408106924624,1.0103593129379146e-05,-7.605472242524595e-06,-4.2187770944360336e-19
9.203645706176758,0.12182224521234347,0.10901199573447833,1.0901414869865995,1.0412833003070132e-05,-7.94060964409613e-06,-4.048552742024009e-19
9.211946249008179,0.1218194736527985,0.10901238741307684,1.0901421814937302,1.0723007849230472e-05,-8.266189342260144e-06,-3.364549641096069e-19
9.218549251556396,0.1218166569525157,0.1090127572153107,1.0901428580382322,1.1034210233499717e-05,-8.58052523882803e-06,-3.1988168238318746e-19
9.228102207183838,0.12181381122526283,0.10901309044541606,1.0901435110374957,1.1346593828124265e-05,-8.88220415570172e-06,-2.6585685673262995e-19
9.492236137390137,0.12181082463608155,0.10901337843004578,1.0901441505039733,1.166041076803301e-05,-9.16914343638206e-06,-3.078240190886604e-19
9.534759044647217,0.12179827656251153,0.10901554647338436,1.090145622996005,1.1976569646010884e-05,-9.436294563273381e-06,-3.1495211914081597e-19
9.60610842704773,0.12179924345361337,0.10901556026136645,1.0901450603661806,1.237166288134782e-05,-9.280473412872817e-06,-4.170539401426966e-19
9.614548444747925,0.12180230004144552,0.10901575813940954,1.0901444246952452,1.2675027182937812e-05,-9.613475907542755e-06,-2.7942981165907506e-19
9.619264602661133,0.12180604324888324,0.10901578411049513,1.0901437528194087,1.2977357071630367e-05,-9.952067486331306e-06,-2.9521655415556823e-19
9.630258321762085,0.12180994315842708,0.1090157037105864,1.0901430737685975,1.3278533587257783e-05,-1.0295917277461956e-05,-2.617163983968252e-19
9.635947227478027,0.12181377228345142,0.10901555541263845,1.09014240792116,1.3578682710515475e-05,-1.0644245783433692e-05,-3.1411376102340117e-19
9.645633697509766,0.12180161923070912,0.10900979961167183,1.0901450807247093,1.3877919964699293e-05,-1.099635071104091e-05,-3.0986272022135957e-19
9.656508445739746,0.12180084935389503,0.10900862279083127,1.0901453037377988,1.4215554537982213e-05,-1.1979183983161192e-05,-2.4182118530441246e-19
9.666522026062012,0.12180246636718851,0.10900805588527519,1.0901450716764123,1.4518970204082586e-05,-1.242745748837198e-05,-2.421399180088343e-19
9.672195196151733,0.12180488295135418,0.10900786380482602,1.0901446668731591,1.4822058786789848e-05,-1.2875620810580273e-05,-2.9589228739328123e-19
9.68077564239502,0.12180743492482207,0.10900779195040973,1.0901442167306352,1.5124899319103329e-05,-1.3322408107399714e-05,-3.4340606215222497e-19
9.95577073097229,0.12180983710634848,0.10900777945089626,1.090143787766322,1.5427726962713422e-05,-1.3766382116734008e-05,-3.636175192359926e-19
9.98290228843689,0.12181199739685587,0.10900781688591112,1.0901434053632892,1.5730508395662307e-05,-1.420752791162062e-05,-2.3805949700324765e-19
9.9967679977417,0.12181390663165544,0.10900789237990031,1.0901430725284516,1.6033178840737067e-05,-1.464655038480952e-05,-2.930696749139518e-19
10.019023895263672,0.12181559490753403,0.10900799411996556,1.0901427824026837,1.6335696576173338e-05,-1.5083477564954905e-05,-3.333431259150385e-19
10.036290884017944,0.1218171016310023,0.10900811193800239,1.0901425256924984,1.6638029528807993e-05,-1.5518344247098668e-05,-3.3522039135044397e-19
10.097290277481079,0.12181846295793992,0.10900823552184323,1.0901422928139393,1.694016029695825e-05,-1.5951142326057055e-05,-4.267299775903615e-19
10.1055908203125,0.12181970236296417,0.10900836227886604,1.090142078563112,1.7242110210101992e-05,-1.6381656209451948e-05,-4.598325316949698e-19
10.116503477096558,0.12182083422229113,0.10900849235897403,1.0901418803088143,1.7543905267243503e-05,-1.680975191723214e-05,-4.717712140477198e-19
10.147825002670288,0.12182186803744981,0.10900862665163602,1.090141696646283,1.7845571188335287e-05,-1.72353077224537e-05,-4.478262871593313e-19
10.191110610961914,0.12182281071083806,0.1090087661146951,1.0901415267478796,1.8147133207332925e-05,-1.7658212110335477e-05,-5.854559153077855e-19
10.207831859588623,0.12182366744690215,0.1090089115874659,1.0901413701045548,1.844861568147374e-05,-1.8078362862229466e-05,-6.665703246863236e-19
10.240124225616455,0.12182444247565237,0.10900906373845992,1.090141226357674,1.8750043311609024e-05,-1.8495662349371783e-05,-7.165121855195923e-19
10.247169494628906,0.12182513931369182,0.10900922308514055,1.0901410952399728,1.9051440100190995e-05,-1.8910018760643718e-05,-7.518274185522851e-19
10.254090547561646,0.12182576093000912,0.10900939002163831,1.0901409765422536,1.9352829804787174e-05,-1.9321343966823364e-05,-6.252742424384497e-19
10.2704017162323,0.12182630984144231,0.10900956484862992,1.0901408700975226,1.9654236034089184e-05,-1.972955237573807e-05,-7.067757036919278e-19
10.66688585281372,0.12182678811059937,0.10900974780838811,1.0901407757853874,1.9955682348147397e-05,-2.0134559914243453e-05,-7.857714622379125e-19
10.706143617630005,0.12182719752420504,0.10900993908715244,1.0901406935015239,2.0257192626474714e-05,-2.053628192114034e-05,-8.458936750569071e-19
10.736396312713623,0.12182753961371628,0.10901013883989308,1.0901406231562534,2.055879052053778e-05,-2.093463518172704e-05,-8.7496518983675e-19
10.773905038833618,0.12182781540179197,0.10901034722577822,1.0901405647368112,2.086049993159636e-05,-2.132953553084558e-05,-8.68841999186002e-19
10.83446478843689,0.12182802564466413,0.10901056440237178,1.0901405182551407,2.1162345247501837e-05,-2.172089658831394e-05,-9.330711701653956e-19
10.863006114959717,0.12182817087252526,0.10901079053362697,1.0901404837423074,2.146435130353548e-05,-2.210862963241939e-05,-9.108021369393046e-19
10.872293472290039,0.12182825134509231,0.10901102580269939,1.0901404612613375,2.176654348491535e-05,-2.249264296114206e-05,-1.031065353940238e-18
10.92401123046875,0.12182826708073137,0.10901127041385875,1.0901404509045967,2.2068947922430938e-05,-2.2872840862858696e-05,-1.008410092707552e-18
10.93310832977295,0.12182821789419908,0.10901152459488872,1.0901404527880236,2.2371591418789105e-05,-2.3249123783471677e-05,-9.773663091711035e-19
10.9512357711792,0.1218281035383522,0.1090117885946219,1.0901404670180728,2.267450152213498e-05,-2.3621387878708176e-05,-9.431498055536488e-19
10.959639549255371,0.1218279234325462,0.10901206270058146,1.0901404937598824,2.2977706804483418e-05,-2.3989523618212168e-05,-8.554544508301054e-19
10.968421697616577,0.12182767631718457,0.10901234727754774,1.0901405333135643,2.3281236665474178e-05,-2.4353416624598077e-05,-9.784235961209855e-19
10.977445363998413,0.1218273608470604,0.10901264271656551,1.0901405859812716,2.3585122186796927e-05,-2.4712943818672613e-05,-9.212180512726998e-19
10.992247343063354,0.12182697549541358,0.10901294944938521,1.0901406520900971,2.3889395457421595e-05,-2.5067976131823703e-05,-1.0154412415229988e-18
11.308789253234863,0.12182651851944669,0.10901326795205815,1.0901407320005814,2.4194089945124952e-05,-2.5418376837883865e-05,-1.0580585621732468e-18
11.361922979354858,0.12182598795324671,0.10901359874738165,1.0901408261088357,2.4499240610707177e-05,-2.5764000945550542e-05,-1.0625020123799435e-18
11.37507939338684,0.12182538161898342,0.10901394240591188,1.0901409348442517,2.480488402566352e-05,-2.6104694574557662e-05,-1.1561983483356654e-18
11.384264469146729,0.1218246970639028,0.10901429955261037,1.0901410586844091,2.5111058493533233e-05,-2.644029431261415e-05,-1.1537855839039004e-18
11.391716241836548,0.12182393159857904,0.10901467087619995,1.0901411981478817,2.541780418488317e-05,-2.6770626528342346e-05,-1.0579722478073052e-18
11.408315896987915,0.12182308221963026,0.10901505710574369,1.0901413538075257,2.5725163179609323e-05,-2.7095505547076177e-05,-1.109966436465825e-18
11.426676034927368,0.12181297749568103,0.10902238170026277,1.0901438815223063,2.603317987590013e-05,-2.7414736342123996e-05,-1.0757161670652572e-18
11.436126470565796,0.12183404189528964,0.10903026863934111,1.09013874284798,2.624030032488535e-05,-2.751868687610616e-05,-1.1484083419641633e-18
11.445171356201172,0.12188196097813424,0.10903631994454939,1.0901277625082524,2.6475712006952576e-05,-2.7362456749418835e-05,-1.1610070382842462e-18
11.451217651367188,0.12195327248713667,0.10903976480745162,1.0901117683583454,2.6646096155616315e-05,-2.7435518532776867e-05,-1.1788174620458366e-18
11.492166757583618,0.12203267019768377,0.10904236574402057,1.0900940414240323,2.674319992138288e-05,-2.7724931745942273e-05,-1.1562696371880585e-18
11.916731357574463,0.12207188219555212,0.10904400406669776,1.0900846757815361,2.6815051190533966e-05,-2.800700461043251e-05,-1.2024797408817906e-18
12.007678270339966,0.12209742343403555,0.10904401966433669,1.0900782986112085,2.703579422513529e-05,-2.8039723816651242e-05,-1.2907509336680262e-18
12.017141819000244,0.1221149179427232,0.10904394699806491,1.0900737678199224,2.7258913740583755e-05,-2.8073696378484778e-05,-1.1686052965934668e-18
12.032160520553589,0.12213361460610123,0.10904339137182309,1.0900697189974327,2.7482742237775737e-05,-2.8113673671484184e-05,-1.263461152119233e-18
12.063070297241211,0.12214287463694105,0.10904379786339634,1.0900676356765107,2.7665470574896118e-05,-2.8321115192984222e-05,-1.2611428309264123e-18
12.076984643936157,0.12214896924483568,0.1090443306809315,1.0900663128825856,2.787827177572554e-05,-2.8420894305021143e-05,-1.286698657446999e-18
12.083746671676636,0.12215279173039513,0.10904500144559219,1.0900654908922556,2.8088982207895274e-05,-2.8517629406941467e-05,-1.294368259229025e-18
12.093475103378296,0.12215297697533406,0.10904585637793834,1.0900650941657954,2.829966445455373e-05,-2.8623143870804515e-05,-1.2577017550124316e-18
12.101044178009033,0.1221518129271393,0.1090467680769418,1.090064868526302,2.8526927002703353e-05,-2.8687659638527955e-05,-1.2938106919755133e-18
12.11710238456726,0.12214987787559979,0.10904777365857468,1.090064808014583,2.8755511751104405e-05,-2.875590142114297e-05,-1.3325359881007491e-18
12.140681743621826,0.12214734706075146,0.10904885097656607,1.0900648967079662,2.898453427959513e-05,-2.8825504001177892e-05,-1.3584517821443566e-18
12.928348779678345,0.12214447464641513,0.1090500464014612,1.0900650302194654,2.9214556665118987e-05,-2.889785519872176e-05,-1.4050914838304411e-18
13.115837097167969,0.12214390541901486,0.10905072405823066,1.090065274749674,2.944572179454556e-05,-2.8976684591620607e-05,-1.443506080884614e-18
13.155251502990723,0.12214834237603936,0.10905027405708732,1.0900644256145688,2.9662748858234766e-05,-2.9011895190082737e-05,-1.407679687228677e-18
13.326143741607666,0.12215550473870174,0.1090492658414005,1.09006290553118,2.986835078085676e-05,-2.9086253606869594e-05,-1.4364380121767474e-18
13.513209819793701,0.12216354116484872,0.1090485713258371,1.0900608317653753,3.0069330271518243e-05,-2.9172464282128447e-05,-1.3919664987441411e-18
13.636824131011963,0.12217139107242435,0.10904785784670143,1.09005850612903,3.0269061813122235e-05,-2.93299773452186e-05,-1.3958601726528403e-18
13.774365663528442,0.12217960339482234,0.10904700591952285,1.0900560591772774,3.0473424880200224e-05,-2.9481023782042807e-05,-1.3704328908719715e-18
13.844377279281616,0.1221877821001737,0.10904608992709158,1.0900536668185983,3.0675173496103315e-05,-2.9639531944185933e-05,-1.2875299240856422e-18
14.189149379730225,0.12219712342337148,0.10904561852701583,1.0900512563393892,3.087502518082436e-05,-2.9803578699418825e-05,-1.3508131541849073e-18
14.24767279624939,0.1222081843139904,0.10904532934043216,1.0900491898947438,3.106684281531472e-05,-2.9944247560321343e-05,-1.3370586011983441e-18
14.279397010803223,0.12221673099622156,0.10904464315210698,1.0900475314338989,3.12421602148803e-05,-3.0001100325984966e-05,-1.2432523308984816e-18
14.300098180770874,0.12217407006520606,0.10903352048121945,1.0900569511589338,3.142670233114973e-05,-3.0107036069348485e-05,-1.2734804142574838e-18
14.313293695449829,0.12213014361522706,0.10904616559431068,1.0900431986415877,3.160823550384177e-05,-3.021309263642948e-05,-1.2705749446994953e-18
14.3231520652771,0.122103772715719,0.10909038579196349,1.089997380728863,3.178811795061379e-05,-3.0318165512421023e-05,-1.320802052544099e-18
14.335551977157593,0.1221004801107802,0.10916531939156938,1.0899195921141305,3.196659988710769e-05,-3.042226269244493e-05,-1.3050891466369214e-18
14.346522808074951,0.12212023298657017,0.10926762115528833,1.089812845660614,3.2143750658757295e-05,-3.052622094464509e-05,-1.3288807772308944e-18
14.361381530761719,0.12216086545125221,0.10939355108316373,1.0896808326953678,3.2319608789434554e-05,-3.063099085265535e-05,-1.389523876248039e-18
14.372207164764404,0.12221957369356018,0.10953963178915478,1.089527125584511,3.249421550908665e-05,-3.073742819964659e-05,-1.5105388069493994e-18
14.387265920639038,0.12229700291187993,0.10970207123266282,1.0893540170836855,3.2667617254886476e-05,-3.084625064229458e-05,-1.5826961796661784e-18
14.68471646308899,0.12238310669498442,0.10987984384976858,1.0891661971430373,3.283200438452255e-05,-3.097872706287078e-05,-1.508913378984029e-18
14.758723497390747,0.12247945796872271,0.11006992121088374,1.0889651147506179,3.30073627920088e-05,-3.108623831110294e-05,-1.4936189490401842e-18
14.794756412506104,0.122583756280613,0.1102704709771876,1.0887528403410778,3.3178981167109257e-05,-3.120250347425041e-05,-1.5293597285500463e-18
14.836993932723999,0.12269495799422843,0.11047978310478139,1.0885309435026491,3.335105742394691e-05,-3.132097923885087e-05,-1.5298073584783664e-18
14.85138726234436,0.12281191314780554,0.11069646701317612,1.0883008167426331,3.3522081876437896e-05,-3.1443072633036694e-05,-1.4160082334026986e-18
14.86048150062561,0.1229333963348803,0.11091939297159877,1.088063699868098,3.369183804364643e-05,-3.1570170410987775e-05,-1.499347400564956e-18
14.881248950958252,0.1230583690863864,0.11114760554904131,1.0878206456353223,3.3860746174310577e-05,-3.170174740352978e-05,-1.483654664948925e-18
14.893664121627808,0.1231863964580478,0.1113804496860112,1.0875726169859334,3.4028952312475114e-05,-3.183771078901424e-05,-1.5230631828284797e-18
14.901474952697754,0.12331585558068796,0.11161694429949456,1.0873204061198947,3.4191803529158946e-05,-3.1952588236305804e-05,-1.5421762316094034e-18
14.913685083389282,0.12344672471303804,0.11185648290258442,1.0870645655956146,3.435667010621752e-05,-3.207901133049182e-05,-1.5487148676632846e-18
14.923784732818604,0.12357851229987929,0.11209863384728751,1.0868056115812126,3.4519997968272486e-05,-3.220758241603275e-05,-1.5186633066884534e-18
15.188222169876099,0.12370889667965915,0.11234259879207183,1.086544209087493,3.4682266551886924e-05,-3.234074202477794e-05,-1.502401915794544e-18
15.288521528244019,0.12384126523926609,0.11258924712365742,1.086280029250449,3.485237065790117e-05,-3.2530958983470605e-05,-1.5338204910268228e-18
15.316130876541138,0.12397371757550373,0.11283742603336691,1.0860139547493928,3.5013432958155e-05,-3.268317120369041e-05,-1.552181178399737e-18
15.329275131225586,0.1241053057215785,0.11308695264035735,1.085746244283644,3.517380125164201e-05,-3.283559141236531e-05,-1.5948580419054928e-18
15.349373817443848,0.12423597503274694,0.11333761749615044,1.0854771227661217,3.533594564181133e-05,-3.300460296314829e-05,-1.5679864356636133e-18
15.36050295829773,0.12436559733519292,0.1135892447946164,1.0852067927780291,3.5498384037080854e-05,-3.318243811058935e-05,-1.590517793575465e-18
15.372227907180786,0.12449407473778189,0.11384169396608496,1.0849354207718085,3.5661069127032084e-05,-3.3368684332888184e-05,-1.57329020441942e-18
15.382439374923706,0.12461954979111067,0.1140942845602564,1.0846634292980637,3.5824041202998303e-05,-3.356396690784239e-05,-1.5594272357260559e-18
15.391927719116211,0.12474644024909116,0.11434767876410738,1.0843905511271112,3.599526403015796e-05,-3.3821578310475476e-05,-1.498654654049684e-18
15.397829055786133,0.12487003424397569,0.11460149194524039,1.084117026909367,3.615108819163292e-05,-3.399179856236168e-05,-1.5477173152405929e-18
15.405455589294434,0.12499461821530852,0.11485599954970584,1.0838427717108154,3.632044475698976e-05,-3.4256358379514926e-05,-1.5452805871782341e-18
15.641808271408081,0.1251175403101969,0.1151103732518737,1.0835683391745525,3.647574108271934e-05,-3.443635107352285e-05,-1.5507003398415273e-18
15.662856817245483,0.12523867911513134,0.11536489548325815,1.0832935866670386,3.6632110850401115e-05,-3.4625134796826514e-05,-1.532674980616575e-18
15.731202840805054,0.12535798568944598,0.11561956821310844,1.0830184855036895,3.6788800691198864e-05,-3.482198942632267e-05,-1.578947209342017e-18
15.737442255020142,0.12547376704175958,0.11587424592642165,1.0827430365142805,3.694627482455088e-05,-3.503100687789103e-05,-1.5488751688817496e-18
15.743791580200195,0.12559121752292066,0.11612991836988713,1.0824667142053872,3.7114906124719316e-05,-3.533604190045192e-05,-1.6014589217981907e-18
15.753674745559692,0.12570710875680405,0.11638532515623297,1.0821903008112912,3.726798234106551e-05,-3.554074486427109e-05,-1.6320672612784766e-18
15.759423732757568,0.12581924873464767,0.11664056244211449,1.0819137025178713,3.742289553107645e-05,-3.5761059016665685e-05,-1.6015715786153667e-18
15.779233694076538,0.12593298385451013,0.11689663129119929,1.081636389187773,3.759025448969486e-05,-3.6093907322579456e-05,-1.611094449783187e-18
15.787067651748657,0.12604464742858446,0.11715223579982753,1.0813591769308997,3.774141458057131e-05,-3.6314309283090564e-05,-1.6344080125119573e-18
15.803870916366577,0.12615242273495206,0.11740764700083738,1.0810818826235955,3.789623945330153e-05,-3.656158960408713e-05,-1.5823683820288354e-18
15.812662124633789,0.12626149275752177,0.11766341932243729,1.0808041718422337,3.8062968562110414e-05,-3.691896289986819e-05,-1.5817737857086652e-18
15.82378339767456,0.12636847289054587,0.11791880331847181,1.0805265773865225,3.821437444144286e-05,-3.7166055308333484e-05,-1.5866461232421128e-18
16.129770040512085,0.12647324908254134,0.1181752781637068,1.0802482948056564,3.8368912828357915e-05,-3.743975793559618e-05,-1.5307718831870993e-18
16.20332956314087,0.12657725880634196,0.11843077556495409,1.0799703137108234,3.8529884733857e-05,-3.779177215013684e-05,-1.5273172211783636e-18
16.21818208694458,0.12667896346447016,0.11868706082178158,1.0796918588354887,3.86842658947597e-05,-3.808189065768621e-05,-1.5907962812939653e-18
16.230518341064453,0.1267785601396926,0.1189427808012424,1.0794134498261636,3.884521221440513e-05,-3.845153075941618e-05,-1.6955651586849569e-18
16.241973400115967,0.12687844494131578,0.11919801291848532,1.0791352048052125,3.900881869757939e-05,-3.8852349280737044e-05,-1.7148198384615135e-18
16.249202489852905,0.12697569245286308,0.1194541184095853,1.0788565636891203,3.9161065734500654e-05,-3.91595414058473e-05,-1.6875564924379935e-18
16.260993003845215,0.12707150668464418,0.11971046294176985,1.0785776829172842,3.9321703028109034e-05,-3.955775311233417e-05,-1.7339222328791717e-18
16.278438329696655,0.12716588577397595,0.11996673375954992,1.078298735796684,3.9482796304755864e-05,-3.9969974330100944e-05,-1.7589053685390353e-18
16.287662982940674,0.12725881177963597,0.12022222118573611,1.078019992030307,3.964398808663039e-05,-4.0393877160186436e-05,-1.7767705710532655e-18
16.296926975250244,0.12735063451652792,0.12047797595600897,1.0777411713798968,3.9804694527172705e-05,-4.0827626264014145e-05,-1.8127276216140524e-18
16.321595668792725,0.1274407371265961,0.12073360261376438,1.0774624023874142,3.996310606263737e-05,-4.125203638547805e-05,-1.7748103637550418e-18
16.333225965499878,0.12752927086926344,0.1209890376711673,1.0771837023716808,4.012289727100863e-05,-4.1698172338389876e-05,-1.8223990126325883e-18
16.630906343460083,0.12761632366777048,0.12124422110659404,1.0769050978909196,4.02826185571719e-05,-4.2154950758644194e-05,-1.7790003948769116e-18
16.65381145477295,0.12770194484564099,0.12149910900256666,1.0766266154621924,4.044181309201468e-05,-4.2618535062877215e-05,-1.7530171235883e-18
16.75379729270935,0.12778617417984728,0.121753651593573,1.076348284461273,4.060020749253496e-05,-4.308627437090181e-05,-1.8115273629373467e-18
16.80664348602295,0.12786980326332956,0.12200685926923316,1.0760705048007249,4.0757504899495175e-05,-4.3554993879716886e-05,-1.861107593031115e-18
16.821431159973145,0.1279486765425709,0.12225893221036925,1.0757934072366357,4.0908623903800106e-05,-4.3963709564705765e-05,-1.847175916640678e-18
16.82904028892517,0.12802880272190004,0.12251171694602361,1.0755159442212132,4.1071800065975764e-05,-4.449298808640126e-05,-1.764071434813974e-18
16.83673596382141,0.12810396176557987,0.12276454966268106,1.075238540548743,4.1220893748292797e-05,-4.4915539468564736e-05,-1.8467161303459744e-18
16.8738694190979,0.12817713729942978,0.12301734897118002,1.0749611323373889,4.1387368350049425e-05,-4.552241358318363e-05,-1.7328500209082595e-18
16.881235122680664,0.12824986723172713,0.1232703912114501,1.0746835781908421,4.155453114398669e-05,-4.615101069512413e-05,-1.7899468572473718e-18
16.888537883758545,0.12832385004416755,0.12353168875252192,1.074397052857092,4.171797762700871e-05,-4.6764167583266344e-05,-1.800195991426638e-18
16.89769411087036,0.12840802995863382,0.12383109677010797,1.0740691720325795,4.188023636454931e-05,-4.7380480444350716e-05,-1.7921493398568933e-18
16.906226634979248,0.12850005310969295,0.1241724221027708,1.0736950826388851,4.203697859456669e-05,-4.797053141098696e-05,-1.781838546039994e-18
16.914424180984497,0.12860197035455148,0.12455417820813969,1.0732768755487458,4.219810831162427e-05,-4.860595098940825e-05,-1.7925505220473383e-18
17.254829168319702,0.1287096146707038,0.12497091599738856,1.0728202415851555,4.235375906265406e-05,-4.922289765340845e-05,-1.755917733831843e-18
17.459882020950317,0.12882108742551834,0.12541751247411664,1.0723307382324676,4.251171051262425e-05,-4.988595122568551e-05,-1.6233478119366799e-18
17.608784675598145,0.12893449231996731,0.12588925602615197,1.071813480193377,4.266955318532566e-05,-5.05744141501105e-05,-1.574261564468064e-18
17.668992042541504,0.12904805530141078,0.1263820865486067,1.0712729457246393,4.282688936787582e-05,-5.1286750142118964e-05,-1.67330238683758e-18
17.819343090057373,0.12916025231565592,0.12689253957785074,1.0707129813658058,4.2983674724992286e-05,-5.202488766335173e-05,-1.6756602462105206e-18
17.84005117416382,0.1292698096477289,0.12741767135166035,1.0701368711815213,4.313985586188276e-05,-5.279065586527105e-05,-1.611906404583044e-18
17.87761116027832,0.1293791912564891,0.1279582023456394,1.0695462495447843,4.329535548935378e-05,-5.3585375448369764e-05,-1.5940782035352105e-18
17.91082239151001,0.1294882330944957,0.12851058611636867,1.068943803941846,4.343331989194209e-05,-5.428197116324238e-05,-1.5696234120328528e-18
17.94454336166382,0.12959265813633777,0.129071550686746,1.0683323087376762,4.355770273177036e-05,-5.484557436833561e-05,-1.6203650967030872e-18
18.010531902313232,0.129691342916293,0.12963928750034612,1.0677136258625366,4.368043130062313e-05,-5.540935442676283e-05,-1.7048062123278173e-18
18.121548175811768,0.1297829613048483,0.1302121466823199,1.0670893862002397,4.380028197424673e-05,-5.595758967069766e-05,-1.7187621663344678e-18
18.233226537704468,0.12986635530798588,0.13078826470865956,1.0664611194508855,4.391951557858357e-05,-5.652325108375438e-05,-1.765575163006854e-18
18.30100727081299,0.12994271928255477,0.13136723391148417,1.065829609544044,4.404147170835138e-05,-5.714846397598064e-05,-1.7520192855500146e-18
18.322611570358276,0.13001281281073063,0.1319469876533643,1.0651957982789764,4.416068783676461e-05,-5.776545380176869e-05,-1.739713565568836e-18
19.294013023376465,0.13006572973969271,0.1325254362677751,1.0645619555012653,4.428007489660551e-05,-5.837252705541307e-05,-1.7614969772278137e-18
19.30497431755066,0.13011411237429893,0.1331044044520133,1.0639269267763838,4.442392750412006e-05,-5.962462747402347e-05,-1.8296526041098653e-18
19.34377908706665,0.1301554055303245,0.13368432000949448,1.0632914016090511,4.45573253176202e-05,-6.058422012776539e-05,-1.8320685009100042e-18
19.439297676086426,0.13019359159428243,0.13427029517436181,1.0626545066892579,4.468796577424472e-05,-6.159530189255847e-05,-1.799081397638886e-18
19.471083402633667,0.13022616858787445,0.13485771943472907,1.0620176736366924,4.479780220004234e-05,-6.236481571719288e-05,-1.692847858372325e-18
19.481093406677246,0.13025703998181454,0.13544519160633187,1.061380197675275,4.4905341889886164e-05,-6.312391547667237e-05,-1.7017853312196984e-18
19.50686287879944,0.13027809611492,0.1360325134625633,1.0607446824960074,4.4996592361649946e-05,-6.383109686204316e-05,-1.796129927238019e-18
19.515795469284058,0.13029101136029006,0.13661937085686887,1.0601110735543324,4.50930359528086e-05,-6.45603158589343e-05,-1.6785752817655478e-18
19.523841381072998,0.13029492970178497,0.13721165837965954,1.0594730011243358,4.5185571342541923e-05,-6.52623795129014e-05,-1.713028169201341e-18
19.536391019821167,0.13029040558291327,0.13782142229710131,1.058817145328928,4.527863711285086e-05,-6.596971034452871e-05,-1.690591611347653e-18
19.543578386306763,0.1302763240598469,0.1384502887804407,1.0581421590013373,4.53699716945742e-05,-6.667566012683592e-05,-1.625545689481215e-18
19.557152271270752,0.1302544576559011,0.13909628672388294,1.0574493802269778,4.5460579579985366e-05,-6.737010970383345e-05,-1.5717968362039445e-18
19.56466817855835,0.1302228553089698,0.1397569069783096,1.0567421644025443,4.554503447729003e-05,-6.80452039989317e-05,-1.5726930795103201e-18
19.573440313339233,0.13018146136555914,0.14042955828102874,1.0560234007065687,4.562830151294098e-05,-6.872619800935631e-05,-1.5734330138436577e-18
19.86313271522522,0.13012616844279745,0.14110961516271062,1.0552966565783626,4.5708717654366384e-05,-6.940779569065721e-05,-1.6795715886374268e-18
19.89178705215454,0.13006543406104867,0.14179876811007364,1.054562303556346,4.579271730430148e-05,-7.037017763861936e-05,-1.6919478679735211e-18
19.921616554260254,0.12999432157739255,0.14249404498025597,1.0538235672871497,4.586484226967394e-05,-7.10522801577386e-05,-1.5791789093482658e-18
19.9613618850708,0.1299063636428644,0.14318994717748906,1.053083656482447,4.593559704674498e-05,-7.174693934189206e-05,-1.5658319013857398e-18
19.999524354934692,0.12981356394461716,0.14389222167456145,1.0523414008343268,4.601037279216803e-05,-7.299773334390396e-05,-1.450671215927919e-18
20.038573265075684,0.12971080974255095,0.1445970175212651,1.0515991785737466,4.6075214421289665e-05,-7.370623914722838e-05,-1.50217705936879e-18
20.051408767700195,0.1295923169423795,0.1453010768361891,1.0508593476202788,4.613774486961403e-05,-7.442948221287285e-05,-1.609739787222675e-18
20.093020915985107,0.1294681276912792,0.1460074880661716,1.050120787467404,4.6200005798970473e-05,-7.556027569116213e-05,-1.5483599723073394e-18
20.110224962234497,0.12933370996957544,0.14671389814616503,1.0493852934103216,4.6256921563066024e-05,-7.629447865750758e-05,-1.6157124021629964e-18
20.119675874710083,0.1291822681383755,0.14741567392708144,1.0486551427494304,4.631125428722407e-05,-7.704972254239252e-05,-1.6324634301140787e-18
20.129021644592285,0.12902565329348464,0.14811983263653633,1.0479284970698286,4.635933827970312e-05,-7.850790911355757e-05,-1.7110415155639931e-18
20.146025896072388,0.12886188272987853,0.1488225896223856,1.0472060786210535,4.640917922555634e-05,-7.929552830742199e-05,-1.8600366225974314e-18
20.155611038208008,0.1286803879420351,0.14951860014664187,1.0464909000231444,4.6451140279515346e-05,-8.005600385838516e-05,-1.8142980675731567e-18
20.168339252471924,0.128495483118577,0.15021660194415368,1.045780266566365,4.6484106439618435e-05,-8.168425793244588e-05,-1.8814721176842822e-18
20.17542314529419,0.1283061387462319,0.1509170188054635,1.045068994724674,4.6522578346933115e-05,-8.249114755094343e-05,-1.9903503270905247e-18
20.18559694290161,0.12809030157391632,0.1516233070028752,1.0443542785381728,4.654758732918351e-05,-8.318055400222064e-05,-2.1642279665848557e-18
20.225265979766846,0.12786922907190157,0.15234544166791694,1.043629918570896,4.656267547043028e-05,-8.495039241065396e-05,-2.2530201233429282e-18
20.231653690338135,0.12764209372444765,0.15307695508906544,1.0428974209941702,4.658774012875288e-05,-8.571474289981259e-05,-2.3783172092704855e-18
20.58097553253174,0.12739664038763185,0.1538110970251695,1.0421625900878733,4.659926212488607e-05,-8.631293338505865e-05,-2.2691169467241627e-18
20.614778995513916,0.12714165541057648,0.1545551965647758,1.0414259185544559,4.658232663005207e-05,-8.780344021580595e-05,-2.3747916440119876e-18
20.65978717803955,0.12686135756250305,0.1553011647125189,1.0406940066290822,4.6589769574903326e-05,-8.835984515688697e-05,-2.270906872057541e-18
20.69061803817749,0.1265747245968221,0.15605061940916468,1.0399635168364638,4.6584711253580046e-05,-8.968612730890419e-05,-2.1175765721893087e-18
20.70862126350403,0.12628117528033972,0.15680070284797287,1.0392357140077868,4.6580318025243785e-05,-9.052912923214772e-05,-1.9994772833975226e-18
20.755271434783936,0.12597504930444514,0.1575503091586374,1.0385142047967637,4.656913088978719e-05,-9.11580776014708e-05,-1.8786698753396695e-18
20.762240886688232,0.12565048751922486,0.15829471888608132,1.0378017937493216,4.656845974338452e-05,-9.169233254506324e-05,-1.8870318431539723e-18
20.772289514541626,0.12531923374433418,0.1590401955937219,1.0370963068369168,4.652668707677714e-05,-9.318051152208622e-05,-1.777396656145573e-18
20.7789363861084,0.12498065969376411,0.15977615430081832,1.0363978277206949,4.652214613735294e-05,-9.372023279429646e-05,-1.7898734162978226e-18
20.787412881851196,0.1246300040848692,0.1605136087002061,1.0357099477600362,4.646935732331024e-05,-9.508141898333789e-05,-1.861664057601863e-18
20.799205541610718,0.1242639864925555,0.16124441876632375,1.0350341992452279,4.646231980650565e-05,-9.555527720380176e-05,-1.8745250115528033e-18
20.80855083465576,0.12389134342738338,0.16197303463311813,1.0343684406681115,4.6418357909777995e-05,-9.677100081434372e-05,-2.0204355236856574e-18
20.81469964981079,0.12350576327573898,0.1626960432392404,1.0337154365889458,4.640828113097098e-05,-9.73111061614302e-05,-2.1391018925888415e-18
20.821756839752197,0.12312206224458135,0.16340671293854267,1.0330696995308002,4.638808679709077e-05,-9.80907957197351e-05,-2.119244312680733e-18
20.841251850128174,0.1227259961654102,0.16411639570024208,1.0324384597642322,4.632568747651428e-05,-9.93936110530182e-05,-2.203578798574108e-18
21.1722629070282,0.12231646432186981,0.1648136444521893,1.03182203342798,4.631251252030848e-05,-9.985267128304648e-05,-2.2217368113331805e-18
21.227096796035767,0.12190327491128017,0.1655097599183423,1.0312179009034297,4.6221116074488986e-05,-0.00010174752244450624,-2.2376216347653134e-18
21.240816593170166,0.12148775156851768,0.16619395082349694,1.0306245464268478,4.620266416677067e-05,-0.00010231551311952808,-1.9446341881053654e-18
21.252622365951538,0.12106423553489994,0.16687471115018554,1.0300452592248897,4.613850982687773e-05,-0.00010343202912921969,-1.871403792959067e-18
21.27910590171814,0.12063515223666775,0.1675480059329344,1.0294792480182506,4.612118341111742e-05,-0.0001038784972287227,-1.6769710774975568e-18
21.301921367645264,0.12020058058243081,0.1682071530280243,1.0289254054099262,4.610303179527116e-05,-0.00010430859370590215,-1.6182581290454375e-18
21.337804317474365,0.11975626074969581,0.1688650393312065,1.0283873504446002,4.600533662807873e-05,-0.00010603632939612359,-1.7135583672248783e-18
21.35324454307556,0.11930615304905152,0.16950939527172793,1.0278625413117335,4.597059644174286e-05,-0.00010678922181438742,-1.7365932917309105e-18
21.360658168792725,0.11886156496153917,0.17015105285169194,1.0273466608511304,4.584826549204978e-05,-0.00010888498382790552,-1.5744622323285796e-18
21.428975343704224,0.11840371286407095,0.17078227083581235,1.0268476677244025,4.583895378301687e-05,-0.00010904416014620939,-1.5094628860434756e-18
21.434605360031128,0.11794166673249741,0.1714086098383066,1.0263627152514645,4.5771076445970023e-05,-0.00011023543658790987,-1.4107230309390672e-18
21.46218466758728,0.1174823708302019,0.1720234527176446,1.025887606299436,4.572692271230498e-05,-0.00011107199239191843,-1.6084970694798337e-18
21.471301317214966,0.11701532048999072,0.17263255623673232,1.0254278361715048,4.5672551003455955e-05,-0.00011190208188586047,-1.603682493500398e-18
21.482378721237183,0.11654450185429824,0.17322927286096595,1.0249812683519821,4.562849058103721e-05,-0.00011269233949879211,-1.4444312148501276e-18
21.49109148979187,0.11607922032666652,0.1738209251374013,1.024543791986358,4.551831911625163e-05,-0.00011444662029401266,-1.2608720912404045e-18
21.80711030960083,0.11560990215903523,0.17440050305956042,1.024123937580266,4.5503684443913134e-05,-0.0001146839545363645,-1.1792758675965383e-18
21.880335807800293,0.11514720728126489,0.17495723122116905,1.0237215889616385,4.54659704384294e-05,-0.00011532793485732753,-9.697151154633271e-19
21.930167198181152,0.11469241154974896,0.17550301341614669,1.0233384494688273,4.533154372551946e-05,-0.00011734751606493837,-1.2600271682413392e-18
21.94165325164795,0.11424225600923422,0.17602590850205335,1.0229732567944647,4.530808109062926e-05,-0.0001177198959824576,-1.3829523935042323e-18
21.95602774620056,0.11379674574010774,0.17653877777033572,1.0226258599786824,4.5176684720530555e-05,-0.00011963909545504924,-1.2782053547461349e-18
21.964466333389282,0.11335452637079485,0.17703784092585836,1.022295431544405,4.5120862277119195e-05,-0.0001205062030028837,-1.6115701102442814e-18
21.98097252845764,0.11292261629702655,0.1775235812133763,1.0219755281802922,4.504623801001893e-05,-0.00012162983059807324,-1.485626593013852e-18
21.990403175354004,0.1124892696903051,0.1779974746674324,1.0216720809496715,4.501790880135955e-05,-0.00012203988735701976,-1.2609789076100343e-18
21.999579429626465,0.11206717414535695,0.17845676300317787,1.0213758986680515,4.49436463714914e-05,-0.0001231382957366186,-1.5868999546532359e-18
22.050227642059326,0.11164260810945006,0.1789088870156492,1.0210952069174026,4.48577850885673e-05,-0.00012430832082363974,-1.598110411567459e-18
22.066285848617554,0.1112220690293558,0.17935100003428375,1.0208252434647596,4.478049081056544e-05,-0.0001254268008364334,-1.1454964710846629e-18
22.07651948928833,0.11080777729902108,0.17978349771375784,1.0205634087516047,4.47161109366119e-05,-0.00012637091892895333,-1.1419258474146806e-18
23.11614203453064,0.11039831299286511,0.1802008373791045,1.020308965970129,4.468875812678318e-05,-0.00012675735602938465,-1.14737540689052e-18
23.265318155288696,0.1099877655694592,0.1806155300911439,1.0200676674067368,4.453871958857e-05,-0.0001288153467438035,-6.882261792213071e-19
23.405690908432007,0.10957926161781614,0.18102191567910914,1.0198371344936585,4.447190913823303e-05,-0.0001297703817961613,-6.994941604506282e-19
23.633307695388794,0.10917889815969363,0.18141792953833616,1.0196124475030117,4.440607983905664e-05,-0.00013070601899267946,-7.134864937229495e-19
23.770596742630005,0.10877738137468743,0.181808014814293,1.0193987494612584,4.430523708360221e-05,-0.0001320388808841092,-6.796529452432103e-19
23.849225282669067,0.10837671457497933,0.18219108114954474,1.0191965888564687,4.424001853240397e-05,-0.0001329537389460167,-7.135746661183804e-19
23.91548752784729,0.10798279852093472,0.1825637834338105,1.01900065014857,4.415259947006636e-05,-0.00013416100318788127,-1.2201705275499175e-18
23.98974609375,0.1075928864083759,0.1829316138176544,1.0188111619814968,4.400115794887983e-05,-0.00013618737932166578,-1.2248092208267213e-18
24.071693420410156,0.10720890040405463,0.1832854949040769,1.0186315282884586,4.3969993818685995e-05,-0.00013660888697293794,-9.691247780393047e-19
24.173362016677856,0.10684096547533056,0.18361996672515163,1.0184606753749648,4.3891306309503285e-05,-0.0001376837673956604,-7.253502286290977e-19
24.21245527267456,0.10648145267458728,0.18394321695656438,1.0183058460679713,4.373433611914276e-05,-0.0001397565594908626,-1.0158741817441495e-18
24.269850969314575,0.10613376460893664,0.18425132437431227,1.018162950345153,4.3659621021845205e-05,-0.0001407698749341895,-7.436356711302246e-19
24.289999961853027,0.10580290885565866,0.18454181616610313,1.0180244434189305,4.358594993203653e-05,-0.00014176633292853124,-4.770938844454047e-19
24.317315101623535,0.10547631123544975,0.18482533872183407,1.01790046140247,4.3427521095686454e-05,-0.00014384357324455677,7.943872716919414e-20
24.60503888130188,0.10515979763412583,0.1850979289935096,1.0177832404185678,4.3318340304487376e-05,-0.00014530293031182138,-1.9066603856073651e-19
24.61931276321411,0.10485587340879908,0.18535646190351934,1.0176676503146378,4.324178251976333e-05,-0.0001463251420643171,-4.878340721331465e-19
24.66642689704895,0.10455376961132945,0.18561071084953448,1.017562896678106,4.3080200572738906e-05,-0.0001484341781891122,-7.946720560677508e-19
24.67639470100403,0.10426111336256136,0.18585492716880608,1.0174614204927361,4.2995349620271364e-05,-0.0001495621230186525,-4.867387118234921e-19
24.685508012771606,0.10397675073467545,0.18608969619352397,1.0173623524930482,4.288224278029886e-05,-0.00015105125298290386,-1.3646694790595168e-18
24.71363663673401,0.10369191183599151,0.18632159603030057,1.017273907007229,4.271928046308301e-05,-0.0001531697602049676,-1.0404442156431314e-18
24.72940158843994,0.10341389901781708,0.18654540398065614,1.0171890115090607,4.263036360796804e-05,-0.00015434319349180245,-4.270655169254562e-19
24.73852562904358,0.10314504546459664,0.18676249199009726,1.017104841925155,4.251396136622829e-05,-0.00015586830507807603,-1.4107255616164628e-19
24.7468740940094,0.1028743178819775,0.18697625793563105,1.017030614150019,4.237666916965592e-05,-0.00015762745347192532,1.4154211432529415e-19
24.79465103149414,0.10261052584015365,0.18718280144359611,1.0169583674898572,4.228791307708087e-05,-0.00015878727579058538,-1.5569542676715737e-19
24.80578327178955,0.10235167756845949,0.18738236510476122,1.016887577718804,4.216987614377603e-05,-0.00016031568330424455,-7.720182697505626e-19
24.82825493812561,0.10209329934462336,0.1875779664156801,1.0168246969520662,4.202321865524156e-05,-0.0001622205972254908,-7.91667944907026e-19
25.19758939743042,0.10184281795947879,0.18776802040659077,1.0167616627379346,4.187582086461224e-05,-0.00016414338204787338,-7.690282523559582e-19
25.255373239517212,0.10159085793011556,0.1879543659177465,1.0167067346758492,4.173572657035155e-05,-0.0001659479003551456,-4.365148156708002e-19
25.26305317878723,0.10134766970575779,0.18813333906157642,1.016650165019095,4.1626303093425525e-05,-0.00016737287991883896,-4.018351672264551e-19
25.272166967391968,0.10110187825874561,0.18830988824367095,1.0166030124247754,4.1464026631976966e-05,-0.00016946377105008921,2.3008659629897163e-19
25.278640508651733,0.10086549008767956,0.18847895281786495,1.0165534406374237,4.1345844527404116e-05,-0.0001710062360423332,5.349632846584268e-19
25.287282705307007,0.10062663264768668,0.18864561009078842,1.0165131219971406,4.1170657808507827e-05,-0.00017326801542486708,2.4172199253916708e-19
25.293458461761475,0.10039645803274617,0.18880443651956832,1.0164703399419976,4.103704330381293e-05,-0.0001750124306414384,-7.954533653170576e-20
25.324774503707886,0.10016685136313933,0.18896049847861401,1.0164336578615054,4.083422406821827e-05,-0.0001776416282594467,2.5450805433955295e-19
25.337183237075806,0.0999517124237333,0.18910472317304008,1.0163979573484831,4.065876360387549e-05,-0.00017992415693993976,-5.3568753774108306e-20
25.370882034301758,0.09975193563070596,0.1892366274757215,1.016370076016423,4.0440828110947056e-05,-0.00018275146730806628,-3.6087825888398114e-19
25.39522647857666,0.09957265376110225,0.18935346347578189,1.016343712005497,4.024819086103677e-05,-0.0001852567495450219,-2.872824843166384e-20
25.72242760658264,0.09940719988735566,0.18946098256141017,1.0163191389457409,4.001688090596753e-05,-0.00018825862990532843,3.15226420632189e-19
25.738731384277344,0.09925672970065394,0.18955558992556373,1.0162958509403721,3.991117604374579e-05,-0.00018961952072347056,6.349965176071983e-19
25.759374141693115,0.09911682822691448,0.1896433924315804,1.0162770294750185,3.973471507330793e-05,-0.00019190057547740266,6.331987569527333e-19
25.80919575691223,0.09898820457771225,0.18972330209999566,1.0162586753853577,3.958073345385189e-05,-0.00019389195029306653,1.5655671648849453e-18
25.86281132698059,0.0988670815177972,0.1897978328913867,1.0162428841581597,3.9413758465472405e-05,-0.0001960485124005177,9.495873162192697e-19
25.870558261871338,0.09875389625301204,0.18986461804268792,1.0162292761662348,3.926203253750116e-05,-0.00019800778723122188,6.326534745244567e-19
25.878747940063477,0.09864703081683654,0.18992966882587972,1.016217393528675,3.900539979514443e-05,-0.0002013352172624963,6.203937718572909e-19
25.891433238983154,0.0985451440213751,0.18999035375337392,1.0162064509509139,3.88009182260292e-05,-0.00020398426653285218,3.3755170976154567e-19
25.91335368156433,0.09844734653130835,0.19004802065394213,1.0161965320120325,3.858876435787606e-05,-0.00020673291708004192,6.507578805335873e-19
25.922284603118896,0.09835313480039394,0.19010294317442578,1.0161873940809776,3.8374997678540235e-05,-0.00020950295178273065,3.203561321032931e-19
25.9329993724823,0.09826195427812578,0.19015549733401313,1.0161790143691798,3.8158440304792155e-05,-0.00021230957905619028,3.4602254044334426e-19
25.948826789855957,0.09817343032887649,0.19020593750692244,1.0161712701839645,3.7940037523060105e-05,-0.0002151406562956426,3.0238288957767686e-19
25.96684741973877,0.09808720991982153,0.1902545060298972,1.0161641131457224,3.771950413839175e-05,-0.0002179998916231584,3.007792091969301e-20
25.980937719345093,0.0980030205757115,0.19030138824248669,1.0161574786951446,3.749718421303457e-05,-0.0002208828766855655,4.755037912750623e-20
26.324397087097168,0.09792062767981626,0.1903467438709135,1.0161513232764723,3.727312542739084e-05,-0.00022378902369576625,-5.347714140122008e-19
26.389259576797485,0.09783983936055647,0.1903907024494775,1.016145606787398,3.7047497184493614e-05,-0.00022671617091940666,-5.38102670437697e-19
26.39762783050537,0.09776049499554046,0.1904333719159426,1.0161402965733206,3.68204256252496e-05,-0.00022966271282650504,1.3609566070961428e-19
